<?xml version="1.0" encoding="UTF-8"?>
<project-private xmlns="http://www.netbeans.org/ns/project-private/1">
    <editor-bookmarks xmlns="http://www.netbeans.org/ns/editor-bookmarks/2" lastBookmarkId="0"/>
    <open-files xmlns="http://www.netbeans.org/ns/projectui-open-files/2">
        <group>
            <file>file:/F:/DownLoad/GitHub/Hoja1AlgEstData/Backup/test/RadioTest.java</file>
            <file>file:/F:/DownLoad/GitHub/Hoja1AlgEstData/Backup/src/Carro.java</file>
            <file>file:/F:/DownLoad/GitHub/Hoja1AlgEstData/Backup/test/InterfazRadioTest.java</file>
            <file>file:/F:/DownLoad/GitHub/Hoja1AlgEstData/Backup/src/InterfazRadio.java</file>
            <file>file:/F:/DownLoad/GitHub/Hoja1AlgEstData/Backup/test/CarroTest.java</file>
            <file>file:/F:/DownLoad/GitHub/Hoja1AlgEstData/Backup/src/GUI.java</file>
            <file>file:/F:/DownLoad/GitHub/Hoja1AlgEstData/Backup/src/Radio.java</file>
            <file>file:/F:/DownLoad/GitHub/Hoja1AlgEstData/Backup/test/GUITest.java</file>
        </group>
    </open-files>
</project-private>
